{
  "anchor_analysis": [
    {
      "scenario": "scenario_A",
      "n_windows": 18914,
      "t0_output_error": {
        "mae_pct": 9.955620303816216,
        "rmse_pct": 12.795018343260155,
        "median_pct": 7.757745683193207,
        "p90_pct": 21.47615611553192,
        "p95_pct": 26.130016446113583,
        "p99_pct": 34.33950096368786,
        "maxe_pct": 54.67504858970642
      },
      "full_sequence_error": {
        "mae_pct": 9.87357520604536,
        "rmse_pct": 12.710747412766505,
        "median_pct": 7.697885483503342,
        "p90_pct": 21.3250331580639,
        "p95_pct": 26.000113189220425,
        "p99_pct": 34.22255274653435,
        "maxe_pct": 55.11263608932495
      },
      "window_max_error": {
        "mae_pct": 10.190867737902293,
        "rmse_pct": 12.966813283715403,
        "median_pct": 8.041152358055115,
        "p90_pct": 21.702424436807636,
        "p95_pct": 26.315302103757855,
        "p99_pct": 34.50117081403732,
        "maxe_pct": 55.11263608932495
      },
      "window_max_at_t0_count": 4298,
      "window_max_at_t0_pct": 22.723908216136195,
      "raw_anchor_head_error": {
        "mae_pct": 10.131807979505536,
        "rmse_pct": 13.117179276652642,
        "median_pct": 7.909411191940308,
        "p90_pct": 22.063772678375244,
        "p95_pct": 27.048808634281155,
        "p99_pct": 35.164095818996415,
        "maxe_pct": 57.11027979850769
      },
      "t0_constraint_adjustment": {
        "mae_pct": 0.4793570310655779,
        "rmse_pct": 0.7638817158234285,
        "median_pct": 0.26823878288269043,
        "p90_pct": 1.2739026546478276,
        "p95_pct": 1.641648858785628,
        "p99_pct": 2.626306205987929,
        "maxe_pct": 4.659780859947205
      }
    },
    {
      "scenario": "scenario_B",
      "n_windows": 8010,
      "t0_output_error": {
        "mae_pct": 6.874109737565752,
        "rmse_pct": 8.470273233884107,
        "median_pct": 6.267913803458214,
        "p90_pct": 13.302846699953086,
        "p95_pct": 15.813547894358631,
        "p99_pct": 23.075700104236585,
        "maxe_pct": 34.99850928783417
      },
      "full_sequence_error": {
        "mae_pct": 7.007937358526255,
        "rmse_pct": 8.566674611743782,
        "median_pct": 6.352227181196213,
        "p90_pct": 13.322269916534424,
        "p95_pct": 15.83746030926704,
        "p99_pct": 23.13137948513031,
        "maxe_pct": 34.99850928783417
      },
      "window_max_error": {
        "mae_pct": 7.350877166147833,
        "rmse_pct": 8.791350485121324,
        "median_pct": 6.631433591246605,
        "p90_pct": 13.511749953031542,
        "p95_pct": 16.137458831071847,
        "p99_pct": 23.195062935352315,
        "maxe_pct": 34.99850928783417
      },
      "window_max_at_t0_count": 3549,
      "window_max_at_t0_pct": 44.30711610486892,
      "raw_anchor_head_error": {
        "mae_pct": 6.777546315845776,
        "rmse_pct": 8.39306198854275,
        "median_pct": 6.125412881374359,
        "p90_pct": 13.257279396057129,
        "p95_pct": 15.776822417974467,
        "p99_pct": 22.952751904726018,
        "maxe_pct": 34.99850928783417
      },
      "t0_constraint_adjustment": {
        "mae_pct": 0.22294313152705536,
        "rmse_pct": 0.41647792946619216,
        "median_pct": 0.058647990226745605,
        "p90_pct": 0.6640098989009863,
        "p95_pct": 0.9575715661048885,
        "p99_pct": 1.625774770975113,
        "maxe_pct": 3.3210933208465576
      }
    }
  ],
  "scenario_B_eta_ablation": [
    {
      "eta": 1.0,
      "rmse_pct": 8.563577651977539,
      "mae_pct": 7.004401683807373,
      "maxe_pct": 34.99850845336914,
      "pvr_pct": 0.0,
      "pvr_violations": 0,
      "pvr_discharge_steps": 359309
    },
    {
      "eta": 1.5,
      "rmse_pct": 8.56667423248291,
      "mae_pct": 7.007936954498291,
      "maxe_pct": 34.99850845336914,
      "pvr_pct": 0.0,
      "pvr_violations": 0,
      "pvr_discharge_steps": 359309
    },
    {
      "eta": 2.0,
      "rmse_pct": 8.570597648620605,
      "mae_pct": 7.0123114585876465,
      "maxe_pct": 34.99850845336914,
      "pvr_pct": 0.0,
      "pvr_violations": 0,
      "pvr_discharge_steps": 359309
    },
    {
      "eta": 3.0,
      "rmse_pct": 8.580917358398438,
      "mae_pct": 7.023360729217529,
      "maxe_pct": 34.99850845336914,
      "pvr_pct": 0.0,
      "pvr_violations": 0,
      "pvr_discharge_steps": 359309
    }
  ],
  "pvr_rule": "I_unscaled < -0.05 A"
}