{
  "provenance": {
    "timestamp": "2026-07-03T07:03:02",
    "scenario": "scenario_A",
    "split": "test",
    "data_source": "data\\processed\\v4_scenario_A",
    "checkpoint": "outputs/v7_final/*_scenario_A.pt",
    "seed": 42,
    "config": {
      "current_threshold_A": 0.05,
      "pvr_epsilons": [
        0.0,
        0.0005,
        0.001,
        0.0025,
        0.005,
        0.01
      ],
      "q_nominal_Ah": 3.0
    },
    "experiment": "sensor_fault_stress_test",
    "noise_seed": 42,
    "fault_propagation": "I, V_proxy(I*R_int), dV_proxy/dt, dI/dt all recomputed in measured domain",
    "threshold_A": 0.05
  },
  "results": [
    {
      "fault": "clean",
      "value": 0.0,
      "model": "hard_coulomb_lstm",
      "regression": {
        "rmse_full_pct": 12.71074741276651,
        "mae_full_pct": 9.873575206045357,
        "maxe_full_pct": 55.11263608932495,
        "r2_full": 0.7772028213324031,
        "rmse_last_pct": 12.556946899879975,
        "mae_last_pct": 9.745224589079955,
        "maxe_last_pct": 54.88990545272827,
        "r2_last": 0.7813819903286306
      },
      "pvr_vs_measured_disch_eps0": 0.0,
      "pvr_vs_true_disch_eps0": 0.0,
      "pvr_vs_true_charge_eps0": 0.0,
      "pvr_vs_true_rest_eps0": 0.0,
      "true_rest_drift": {
        "n_steps": 231134,
        "mean_signed_delta": 0.0,
        "mean_abs_delta": 0.0,
        "drift_pct_per_hour_equiv": 0.0
      },
      "delta_magnitude_vs_truth": {
        "n_steps": 1293237,
        "delta_soc_mae": 0.0001281738223042339,
        "delta_soc_rmse": 0.0002048137685051188,
        "mean_abs_pred_delta": 0.000161046176799573,
        "mean_abs_true_delta": 0.00022428372176364064,
        "pred_true_delta_ratio": 0.7180466577475919
      }
    },
    {
      "fault": "clean",
      "value": 0.0,
      "model": "vanilla_lstm",
      "regression": {
        "rmse_full_pct": 13.371223220741218,
        "mae_full_pct": 10.483756141656153,
        "maxe_full_pct": 51.0242223739624,
        "r2_full": 0.7534472858640505,
        "rmse_last_pct": 13.031487427114383,
        "mae_last_pct": 10.231529150925915,
        "maxe_last_pct": 41.65985584259033,
        "r2_last": 0.7645461486507334
      },
      "pvr_vs_measured_disch_eps0": 49.96941782519368,
      "pvr_vs_true_disch_eps0": 49.96941782519368,
      "pvr_vs_true_charge_eps0": 62.897031153498126,
      "pvr_vs_true_rest_eps0": 99.9718777851809,
      "true_rest_drift": {
        "n_steps": 231134,
        "mean_signed_delta": -0.0017145189922302961,
        "mean_abs_delta": 0.0037127502728253603,
        "drift_pct_per_hour_equiv": -617.2268372029066
      },
      "delta_magnitude_vs_truth": {
        "n_steps": 1293237,
        "delta_soc_mae": 0.004522615112364292,
        "delta_soc_rmse": 0.014317676424980164,
        "mean_abs_pred_delta": 0.004506428260356188,
        "mean_abs_true_delta": 0.00022428372176364064,
        "pred_true_delta_ratio": 20.092533800135733
      }
    },
    {
      "fault": "offset",
      "value": 0.05,
      "model": "hard_coulomb_lstm",
      "regression": {
        "rmse_full_pct": 12.941448863676131,
        "mae_full_pct": 10.041365851167866,
        "maxe_full_pct": 55.84484934806824,
        "r2_full": 0.7690418399009571,
        "rmse_last_pct": 12.777449951734743,
        "mae_last_pct": 9.908252707830762,
        "maxe_last_pct": 55.37830591201782,
        "r2_last": 0.7736366057110832
      },
      "pvr_vs_measured_disch_eps0": 0.0,
      "pvr_vs_true_disch_eps0": 0.0,
      "pvr_vs_true_charge_eps0": 0.0,
      "pvr_vs_true_rest_eps0": 7.462337864615331,
      "true_rest_drift": {
        "n_steps": 231134,
        "mean_signed_delta": 3.975099218678224e-07,
        "mean_abs_delta": 3.975099218678224e-07,
        "drift_pct_per_hour_equiv": 0.14310357187241607
      },
      "delta_magnitude_vs_truth": {
        "n_steps": 1293237,
        "delta_soc_mae": 0.0001269136118935421,
        "delta_soc_rmse": 0.0002037074154941365,
        "mean_abs_pred_delta": 0.00015755280037410557,
        "mean_abs_true_delta": 0.00022428372176364064,
        "pred_true_delta_ratio": 0.7024709556948638
      }
    },
    {
      "fault": "offset",
      "value": -0.05,
      "model": "hard_coulomb_lstm",
      "regression": {
        "rmse_full_pct": 12.484893437473565,
        "mae_full_pct": 9.708345075942198,
        "maxe_full_pct": 54.48064208030701,
        "r2_full": 0.7850501285992533,
        "rmse_last_pct": 12.33915422485165,
        "mae_last_pct": 9.58349312972437,
        "maxe_last_pct": 54.466211795806885,
        "r2_last": 0.7888998192106307
      },
      "pvr_vs_measured_disch_eps0": 0.0,
      "pvr_vs_true_disch_eps0": 0.0,
      "pvr_vs_true_charge_eps0": 0.0,
      "pvr_vs_true_rest_eps0": 7.258992619000233,
      "true_rest_drift": {
        "n_steps": 231134,
        "mean_signed_delta": -4.132070898776874e-07,
        "mean_abs_delta": 4.132070898776874e-07,
        "drift_pct_per_hour_equiv": -0.14875455235596746
      },
      "delta_magnitude_vs_truth": {
        "n_steps": 1293237,
        "delta_soc_mae": 0.000130356231238693,
        "delta_soc_rmse": 0.00020599916751962155,
        "mean_abs_pred_delta": 0.00016418546147178859,
        "mean_abs_true_delta": 0.00022428372176364064,
        "pred_true_delta_ratio": 0.7320435927348037
      }
    },
    {
      "fault": "offset",
      "value": 0.1,
      "model": "hard_coulomb_lstm",
      "regression": {
        "rmse_full_pct": 13.178365733950296,
        "mae_full_pct": 10.213707667070436,
        "maxe_full_pct": 56.63807392120361,
        "r2_full": 0.7605082142780291,
        "rmse_last_pct": 13.005310454007194,
        "mae_last_pct": 10.076145735219006,
        "maxe_last_pct": 55.960774421691895,
        "r2_last": 0.7654911329889842
      },
      "pvr_vs_measured_disch_eps0": 0.0,
      "pvr_vs_true_disch_eps0": 0.0,
      "pvr_vs_true_charge_eps0": 0.0,
      "pvr_vs_true_rest_eps0": 100.0,
      "true_rest_drift": {
        "n_steps": 231134,
        "mean_signed_delta": 4.475037712836638e-06,
        "mean_abs_delta": 4.475037712836638e-06,
        "drift_pct_per_hour_equiv": 1.6110135766211897
      },
      "delta_magnitude_vs_truth": {
        "n_steps": 1293237,
        "delta_soc_mae": 0.00012610630074050277,
        "delta_soc_rmse": 0.0002024346758844331,
        "mean_abs_pred_delta": 0.00015444216842297465,
        "mean_abs_true_delta": 0.00022428372176364064,
        "pred_true_delta_ratio": 0.6886017728283113
      }
    },
    {
      "fault": "offset",
      "value": -0.1,
      "model": "hard_coulomb_lstm",
      "regression": {
        "rmse_full_pct": 12.265790968419473,
        "mae_full_pct": 9.547368230151623,
        "maxe_full_pct": 53.78810167312622,
        "r2_full": 0.7925284132943414,
        "rmse_last_pct": 12.126629865416868,
        "mae_last_pct": 9.423981736736852,
        "maxe_last_pct": 53.77436876296997,
        "r2_last": 0.7961089958824363
      },
      "pvr_vs_measured_disch_eps0": 0.0,
      "pvr_vs_true_disch_eps0": 0.0,
      "pvr_vs_true_charge_eps0": 0.0,
      "pvr_vs_true_rest_eps0": 100.0,
      "true_rest_drift": {
        "n_steps": 231134,
        "mean_signed_delta": -4.640938186639687e-06,
        "mean_abs_delta": 4.640938186639687e-06,
        "drift_pct_per_hour_equiv": -1.6707377471902873
      },
      "delta_magnitude_vs_truth": {
        "n_steps": 1293237,
        "delta_soc_mae": 0.0001328128419118002,
        "delta_soc_rmse": 0.00020745313668157905,
        "mean_abs_pred_delta": 0.00016713622608222067,
        "mean_abs_true_delta": 0.00022428372176364064,
        "pred_true_delta_ratio": 0.7451999849474393
      }
    },
    {
      "fault": "offset",
      "value": 0.5,
      "model": "hard_coulomb_lstm",
      "regression": {
        "rmse_full_pct": 15.2289878871186,
        "mae_full_pct": 11.707798484893845,
        "maxe_full_pct": 62.008464336395264,
        "r2_full": 0.6801770739887223,