{
  "sprint": 47,
  "experiment": "V6 Robust Anchor LSTM alpha sweep",
  "scenario": "scenario_A",
  "alpha_values": [
    1.0,
    5.0,
    10.0,
    20.0
  ],
  "safety_factor": 1.5,
  "gamma": 9.259259259259259e-05,
  "runs": [
    {
      "alpha": 1.0,
      "rmse_pct": 10.330905765295029,
      "mae_pct": 7.379624247550964,
      "maxe_pct": 70.64427137374878,
      "r2_full": 0.8490418848351307,
      "pvr_pct": 0.0,
      "pvr_violations": 0,
      "pvr_discharge_steps": 13177375,
      "anchor_mae_pct": 7.459234237670898,
      "anchor_maxe_pct": 70.6642074584961,
      "worst_sequence_index": 185656,
      "worst_timestep": 0,
      "worst_true_soc_pct": 96.16666412353516,
      "worst_pred_soc_pct": 25.522390365600586,
      "n_test_sequences": 194302,
      "best_val_loss": 0.0061085288663038076,
      "best_epoch": 2,
      "epochs_completed": 12,
      "train_minutes": 1.91,
      "model_path": "D:\\Tugas kuliah\\SEM 6\\PROYEK DATA MINING\\PENELITIAN\\Penelitian_SOC\\outputs\\models\\best_model_v6_alpha_1.0.pt",
      "train_log_path": "D:\\Tugas kuliah\\SEM 6\\PROYEK DATA MINING\\PENELITIAN\\Penelitian_SOC\\logs\\training_log_v6_alpha_1.0.csv"
    },
    {
      "alpha": 5.0,
      "rmse_pct": 10.908468812704086,
      "mae_pct": 7.637826353311539,
      "maxe_pct": 73.89064431190491,
      "r2_full": 0.8316910293923299,
      "pvr_pct": 0.0,
      "pvr_violations": 0,
      "pvr_discharge_steps": 13177375,
      "anchor_mae_pct": 7.702385425567627,
      "anchor_maxe_pct": 73.91058349609375,
      "worst_sequence_index": 185656,
      "worst_timestep": 0,
      "worst_true_soc_pct": 96.16666412353516,
      "worst_pred_soc_pct": 22.276020050048828,
      "n_test_sequences": 194302,
      "best_val_loss": 0.017866038859752503,
      "best_epoch": 11,
      "epochs_completed": 21,
      "train_minutes": 3.05,
      "model_path": "D:\\Tugas kuliah\\SEM 6\\PROYEK DATA MINING\\PENELITIAN\\Penelitian_SOC\\outputs\\models\\best_model_v6_alpha_5.0.pt",
      "train_log_path": "D:\\Tugas kuliah\\SEM 6\\PROYEK DATA MINING\\PENELITIAN\\Penelitian_SOC\\logs\\training_log_v6_alpha_5.0.csv"
    },
    {
      "alpha": 10.0,
      "rmse_pct": 10.545123368501663,
      "mae_pct": 7.552970200777054,
      "maxe_pct": 72.42491245269775,
      "r2_full": 0.8427165557026028,
      "pvr_pct": 0.0,
      "pvr_violations": 0,
      "pvr_discharge_steps": 13177375,
      "anchor_mae_pct": 7.607674598693848,
      "anchor_maxe_pct": 72.4448471069336,
      "worst_sequence_index": 185656,
      "worst_timestep": 0,
      "worst_true_soc_pct": 96.16666412353516,
      "worst_pred_soc_pct": 23.741748809814453,
      "n_test_sequences": 194302,
      "best_val_loss": 0.033477185251924425,
      "best_epoch": 11,
      "epochs_completed": 21,
      "train_minutes": 2.96,
      "model_path": "D:\\Tugas kuliah\\SEM 6\\PROYEK DATA MINING\\PENELITIAN\\Penelitian_SOC\\outputs\\models\\best_model_v6_alpha_10.0.pt",
      "train_log_path": "D:\\Tugas kuliah\\SEM 6\\PROYEK DATA MINING\\PENELITIAN\\Penelitian_SOC\\logs\\training_log_v6_alpha_10.0.csv"
    },
    {
      "alpha": 20.0,
      "rmse_pct": 10.325461626052856,
      "mae_pct": 7.441950589418411,
      "maxe_pct": 70.96304893493652,
      "r2_full": 0.8492009316079849,
      "pvr_pct": 0.0,
      "pvr_violations": 0,
      "pvr_discharge_steps": 13177375,
      "anchor_mae_pct": 7.495575904846191,
      "anchor_maxe_pct": 70.98297882080078,
      "worst_sequence_index": 185656,
      "worst_timestep": 0,
      "worst_true_soc_pct": 96.16666412353516,
      "worst_pred_soc_pct": 25.2036190032959,
      "n_test_sequences": 194302,
      "best_val_loss": 0.06290584503910801,
      "best_epoch": 6,
      "epochs_completed": 16,
      "train_minutes": 2.29,
      "model_path": "D:\\Tugas kuliah\\SEM 6\\PROYEK DATA MINING\\PENELITIAN\\Penelitian_SOC\\outputs\\models\\best_model_v6_alpha_20.0.pt",
      "train_log_path": "D:\\Tugas kuliah\\SEM 6\\PROYEK DATA MINING\\PENELITIAN\\Penelitian_SOC\\logs\\training_log_v6_alpha_20.0.csv"
    }
  ]
}